URL,Surface
https://airportdatabase.net/australia/badu-island-airport-bdd_27355.html,2
https://airportdatabase.net/australia/horn-island-airport-hid_27004.html,3
https://airportdatabase.net/australia/kubin-airport-kug_27029.html,2
https://airportdatabase.net/norfolk-island/norfolk-island-international-airport-nlk_27141.html,3
https://airportdatabase.net/fiji/cicia-airport-ici_31662.html,1
https://airportdatabase.net/fiji/kaibu-island-airport_32023.html,3
https://airportdatabase.net/fiji/koro-island-airport-kxf_31789.html,1
https://airportdatabase.net/fiji/labasa-airport-lbs_4961.html,3
https://airportdatabase.net/fiji/lakeba-island-airport-lkb_31829.html,3
https://airportdatabase.net/fiji/laucala-island-airport-luc_31860.html,3
https://airportdatabase.net/fiji/levuka-airfield-lev_31810.html,1
https://airportdatabase.net/fiji/malolo-lailai-island-airport-ptf_32176.html,0
https://airportdatabase.net/fiji/mana-island-airport-mnf_31926.html,1
https://airportdatabase.net/fiji/matei-airport-tvu_32485.html,3
https://airportdatabase.net/fiji/moala-airport-mfj_31895.html,1
https://airportdatabase.net/fiji/nadi-international-airport-nan_4959.html,3
https://airportdatabase.net/fiji/nausori-international-airport-suv_4960.html,3
https://airportdatabase.net/fiji/ngau-airport-ngi_32026.html,0
https://airportdatabase.net/fiji/ono-i-lau-airport-onu_32113.html,1
https://airportdatabase.net/fiji/rotuma-airport-rta_32233.html,3
https://airportdatabase.net/fiji/savusavu-airport-svu_32397.html,3
https://airportdatabase.net/fiji/vanua-balavu-airport-vbv_35321.html,0
https://airportdatabase.net/fiji/vatulele-airport-vtf_32600.html,0
https://airportdatabase.net/fiji/vunisea-airport-kdv_31738.html,3
https://airportdatabase.net/fiji/wakaya-island-airport-kay_31719.html,3
https://airportdatabase.net/fiji/yasawa-island-airport-yas_32717.html,0
https://airportdatabase.net/french-polynesia/ahe-airport-ahe_4997.html,3
https://airportdatabase.net/french-polynesia/anaa-airport-aaa_4983.html,3
https://airportdatabase.net/french-polynesia/apataki-airport-apk_30648.html,3
https://airportdatabase.net/french-polynesia/aratika-airport_32049.html,3
https://airportdatabase.net/french-polynesia/aratika-nord-airport_4999.html,3
https://airportdatabase.net/french-polynesia/arutua-airport-axr_4994.html,3
https://airportdatabase.net/french-polynesia/bora-bora-airport-bob_5003.html,3
https://airportdatabase.net/french-polynesia/faaa-international-airport-ppt_4979.html,3
https://airportdatabase.net/french-polynesia/faaite-airport-fac_4998.html,3
https://airportdatabase.net/french-polynesia/fakahina-airport-fhz_31128.html,3
https://airportdatabase.net/french-polynesia/fakarava-airport-fav_4987.html,3
https://airportdatabase.net/french-polynesia/fangatau-airport-fgu_4984.html,3
https://airportdatabase.net/french-polynesia/hao-airport-hoi_5007.html,3
https://airportdatabase.net/french-polynesia/hikueru-atoll-airport-hhz_31577.html,3
https://airportdatabase.net/french-polynesia/hiva-oa-atuona-airport-auq_5002.html,3
https://airportdatabase.net/french-polynesia/huahine-fare-airport-huh_5005.html,3
https://airportdatabase.net/french-polynesia/katiu-airport_32051.html,3
https://airportdatabase.net/french-polynesia/kauehi-airport-khz_31752.html,3
https://airportdatabase.net/french-polynesia/kaukura-airport-kkr_4990.html,3
https://airportdatabase.net/french-polynesia/makemo-airport-mkp_4991.html,3
https://airportdatabase.net/french-polynesia/manihi-airport-xmh_4988.html,3
https://airportdatabase.net/french-polynesia/marutea-airport_44636.html,3
https://airportdatabase.net/french-polynesia/mataiva-airport-mvt_4995.html,3
https://airportdatabase.net/french-polynesia/maupiti-airport-mau_5008.html,3
https://airportdatabase.net/french-polynesia/moorea-airport-moz_5006.html,3
https://airportdatabase.net/french-polynesia/mururoa-atoll-airport_32053.html,3
https://airportdatabase.net/french-polynesia/napuka-island-airport-nau_32005.html,3
https://airportdatabase.net/french-polynesia/nuku-hiva-airport-nhv_5001.html,3
https://airportdatabase.net/french-polynesia/nukutavake-airport-nuk_32055.html,3
https://airportdatabase.net/french-polynesia/puka-puka-airport-pkp_4992.html,3
https://airportdatabase.net/french-polynesia/pukarua-airport-puk_32177.html,3
https://airportdatabase.net/french-polynesia/raiatea-airport-rfp_5009.html,3
https://airportdatabase.net/french-polynesia/raivavae-airport_4982.html,3
https://airportdatabase.net/french-polynesia/rangiroa-airport-rgi_5004.html,3
https://airportdatabase.net/french-polynesia/reao-airport-rea_4986.html,3
https://airportdatabase.net/french-polynesia/rurutu-airport-rur_4980.html,3
https://airportdatabase.net/french-polynesia/takapoto-airport-tkp_4993.html,3
https://airportdatabase.net/french-polynesia/takaroa-airport-tkx_5000.html,3
https://airportdatabase.net/french-polynesia/takume-airport_32050.html,3
https://airportdatabase.net/french-polynesia/tatakoto-airport-tkv_32456.html,3
https://airportdatabase.net/french-polynesia/tetiaroa-airport-tti_32480.html,3
https://airportdatabase.net/french-polynesia/tikehau-airport-tih_4985.html,3
https://airportdatabase.net/french-polynesia/totegegie-airport-gmr_4989.html,3
https://airportdatabase.net/french-polynesia/tubuai-airport-tub_4981.html,3
https://airportdatabase.net/french-polynesia/tureia-airport-zta_4996.html,3
https://airportdatabase.net/french-polynesia/ua-huka-airport-uah_32497.html,3
https://airportdatabase.net/french-polynesia/ua-pou-airport-uap_32499.html,3
https://airportdatabase.net/french-polynesia/vahitahi-airport-vhz_32573.html,3
https://airportdatabase.net/new-caledonia/canala-airport_5022.html,3
https://airportdatabase.net/new-caledonia/ile-art-waala-airport-bmy_30778.html,3
https://airportdatabase.net/new-caledonia/ile-des-pins-airport-ilp_5014.html,3
https://airportdatabase.net/new-caledonia/kone-airport-knq_5013.html,3
https://airportdatabase.net/new-caledonia/koumac-airport-koc_5015.html,3
https://airportdatabase.net/new-caledonia/la-tontouta-international-airport-nou_5021.html,3
https://airportdatabase.net/new-caledonia/lifou-airport-lif_5016.html,3
https://airportdatabase.net/new-caledonia/mare-airport-mee_5018.html,3
https://airportdatabase.net/new-caledonia/noumea-magenta-airport-gea_5017.html,3
https://airportdatabase.net/new-caledonia/ouvea-airport-uve_5020.html,3
https://airportdatabase.net/new-caledonia/tiga-airport-tgj_32439.html,3
https://airportdatabase.net/new-caledonia/touho-airport-tou_5019.html,3
https://airportdatabase.net/wallis-and-futuna/hihifo-airport-wls_4975.html,3
https://airportdatabase.net/wallis-and-futuna/pointe-vele-airport-fut_31215.html,3
https://airportdatabase.net/indonesia/melangguane-airport-mna_31924.html,3
https://airportdatabase.net/indonesia/naha-airport-nah_26768.html,3
https://airportdatabase.net/indonesia/ranai-airport-ntx_26846.html,3
https://airportdatabase.net/indonesia/tarempa-airport-mwk_26845.html,3
https://airportdatabase.net/japan/aguni-airport-agj_30621.html,3
https://airportdatabase.net/japan/amami-airport-asj_5577.html,3
https://airportdatabase.net/japan/hateruma-airport-htr_31644.html,3
https://airportdatabase.net/japan/ie-jima-airport-iej_5678.html,3
https://airportdatabase.net/japan/ie-shima-auxiliary-air-base_5672.html,3
https://airportdatabase.net/japan/ishigaki-airport-isg_5674.html,3
https://airportdatabase.net/japan/iwo-jima-airport-iwo_5535.html,3
https://airportdatabase.net/japan/kerama-airport-kjp_28139.html,3
https://airportdatabase.net/japan/kikai-airport-kkx_5579.html,3
https://airportdatabase.net/japan/kitadaito-airport-ktd_5679.html,3
https://airportdatabase.net/japan/kumejima-airport-ueo_5675.html,3
https://airportdatabase.net/japan/minami-daito-airport-mmd_5676.html,3
https://airportdatabase.net/japan/minami-torishima-airport-mus_5534.html,3
https://airportdatabase.net/japan/miyako-airport-mmy_5677.html,3
https://airportdatabase.net/japan/naha-airport-oka_5671.html,3
https://airportdatabase.net/japan/okierabu-airport-oke_5578.html,3
https://airportdatabase.net/japan/shimojishima-airport-shi_5680.html,3
https://airportdatabase.net/japan/tarama-airport-tra_5681.html,3
https://airportdatabase.net/japan/tokunoshima-airport-tkn_5580.html,3
https://airportdatabase.net/japan/yonaguni-airport-ogn_5684.html,3
https://airportdatabase.net/japan/yoron-airport-rnj_5682.html,3
https://airportdatabase.net/kiribati/abaiang-airport-abf_30611.html,1
https://airportdatabase.net/kiribati/abemama-atoll-airport-aea_30619.html,1
https://airportdatabase.net/kiribati/arorae-island-airport-ais_30628.html,1
https://airportdatabase.net/kiribati/beru-airport-bez_30696.html,1
https://airportdatabase.net/kiribati/bonriki-international-airport-trw_4972.html,3
https://airportdatabase.net/kiribati/buariki-airport-aak_30607.html,1
https://airportdatabase.net/kiribati/butaritari-atoll-airport-bbg_30681.html,3
https://airportdatabase.net/kiribati/canton-airport-cis_5426.html,3
https://airportdatabase.net/kiribati/cassidy-international-airport-cxi_5493.html,3
https://airportdatabase.net/kiribati/kuria-airport-kuc_31784.html,1
https://airportdatabase.net/kiribati/maiana-airport-mnk_31928.html,2
https://airportdatabase.net/kiribati/makin-island-airport-mtk_31962.html,2
https://airportdatabase.net/kiribati/marakei-airport-mzk_32000.html,2
https://airportdatabase.net/kiribati/nikunau-airport-nig_32029.html,1
https://airportdatabase.net/kiribati/nonouti-airport-non_32043.html,1
https://airportdatabase.net/kiribati/onotoa-airport-oot_32120.html,2
https://airportdatabase.net/kiribati/tabiteuea-north-airport-tbf_4973.html,2
https://airportdatabase.net/kiribati/tabiteuea-south-airport-tsu_32479.html,2
https://airportdatabase.net/kiribati/tabuaeran-island-airport-tnv_32466.html,1
https://airportdatabase.net/kiribati/tamana-island-airport-tmn_32464.html,0
https://airportdatabase.net/china/swallow-reef-airstrip-lac_41316.html,3
https://airportdatabase.net/marshall-islands/ailinglaplap-airport-aip_299328.html,1
https://airportdatabase.net/marshall-islands/ailuk-airport-aim_35201.html,0
https://airportdatabase.net/marshall-islands/aur-island-airport-aul_30661.html,2
https://airportdatabase.net/marshall-islands/bucholz-army-air-field-kwa_5490.html,3
https://airportdatabase.net/marshall-islands/dyess-army-air-field_5489.html,3
https://airportdatabase.net/marshall-islands/ebadon-airport-ebn_30976.html,3
https://airportdatabase.net/marshall-islands/eniwetok-airport-ent_5487.html,3
https://airportdatabase.net/marshall-islands/enyu-airfield-bii_30730.html,3
https://airportdatabase.net/marshall-islands/ine-airport_4655.html,1
https://airportdatabase.net/marshall-islands/jabot-airport-jat_35202.html,1
https://airportdatabase.net/marshall-islands/jaluit-airport-uit_32527.html,1
https://airportdatabase.net/marshall-islands/jeh-airport-jej_35203.html,1
https://airportdatabase.net/marshall-islands/kili-airport-kio_4659.html,1
https://airportdatabase.net/marshall-islands/lae-island-airport-lml_31834.html,0
https://airportdatabase.net/marshall-islands/likiep-airport-lik_35204.html,0
https://airportdatabase.net/marshall-islands/majkin-airport-mje_35205.html,1
https://airportdatabase.net/marshall-islands/maloelap-island-airport-mav_31878.html,0
https://airportdatabase.net/marshall-islands/marshall-islands-international-airport-maj_5488.html,3
https://airportdatabase.net/marshall-islands/mejit-atoll-airport-mjb_31913.html,1
https://airportdatabase.net/marshall-islands/mili-island-airport-mij_31910.html,0
https://airportdatabase.net/marshall-islands/namorik-atoll-airport-ndk_32015.html,1
https://airportdatabase.net/marshall-islands/rongelap-island-airport-rnp_32218.html,3
https://airportdatabase.net/marshall-islands/tinak-airport-tic_32447.html,1
https://airportdatabase.net/marshall-islands/ujae-atoll-airport-uje_32529.html,0
https://airportdatabase.net/marshall-islands/utirik-airport-utk_4650.html,1
https://airportdatabase.net/marshall-islands/woja-airport-wja_35206.html,2
https://airportdatabase.net/marshall-islands/wotho-island-airport-wto_32681.html,0
https://airportdatabase.net/marshall-islands/wotje-atoll-airport-wte_32680.html,0
https://airportdatabase.net/micronesia/chuuk-international-airport-tkk_5499.html,3
https://airportdatabase.net/micronesia/falalop-island-airport-uli_32538.html,3
https://airportdatabase.net/micronesia/kosrae-international-airport-ksa_5502.html,3
https://airportdatabase.net/micronesia/pohnpei-international-airport-pni_5500.html,3
https://airportdatabase.net/micronesia/woleai-atoll-airport_44078.html,2
https://airportdatabase.net/micronesia/yap-international-airport-yap_5503.html,3
https://airportdatabase.net/nauru/nauru-international-airport-inu_8.html,3
https://airportdatabase.net/cook-islands/aitutaki-airport-ait_4957.html,3
https://airportdatabase.net/cook-islands/enua-airport-aiu_30629.html,2
https://airportdatabase.net/cook-islands/mangaia-island-airport-mgs_31900.html,2
https://airportdatabase.net/cook-islands/manihiki-island-airport-mhx_31907.html,1
https://airportdatabase.net/cook-islands/manuae-airport_32011.html,0
https://airportdatabase.net/cook-islands/mauke-airport-muk_31968.html,2
https://airportdatabase.net/cook-islands/mitiaro-island-airport-moi_31933.html,2
https://airportdatabase.net/cook-islands/rarotonga-international-airport-rar_4958.html,3
https://airportdatabase.net/cook-islands/tongareva-airport-pye_32184.html,2
https://airportdatabase.net/niue/niue-international-airport-iue_4974.html,3
https://airportdatabase.net/palau/angaur-airstrip_5504.html,1
https://airportdatabase.net/palau/babelthuap-airport-ror_5501.html,3
https://airportdatabase.net/palau/peleliu-airport_5505.html,1
https://airportdatabase.net/papua-new-guinea/aseki-airport-aek_299319.html,1
https://airportdatabase.net/papua-new-guinea/awaba-airport-awb_42763.html,1
https://airportdatabase.net/papua-new-guinea/baimuru-airport-vmu_35179.html,1
https://airportdatabase.net/papua-new-guinea/balimo-airport-opu_35180.html,2
https://airportdatabase.net/papua-new-guinea/buka-airport-bua_53.html,3
https://airportdatabase.net/papua-new-guinea/bulolo-airport_46171.html,2
https://airportdatabase.net/papua-new-guinea/cape-gloucester-airport_46172.html,3
https://airportdatabase.net/papua-new-guinea/chimbu-airport-cmu_54.html,3
https://airportdatabase.net/papua-new-guinea/daru-airport-dau_55.html,3
https://airportdatabase.net/papua-new-guinea/emirau-airport_46174.html,2
https://airportdatabase.net/papua-new-guinea/finschhafen-airport-fin_46177.html,3
https://airportdatabase.net/papua-new-guinea/gasmata-island-airport-gmi_31542.html,0
https://airportdatabase.net/papua-new-guinea/girua-airport-pnp_58.html,3
https://airportdatabase.net/papua-new-guinea/goroka-airport-gka_56.html,3
https://airportdatabase.net/papua-new-guinea/gurney-airport-gur_57.html,3
https://airportdatabase.net/papua-new-guinea/ihu-airport-ihu_35181.html,1
https://airportdatabase.net/papua-new-guinea/jacquinot-bay-airport-jaq_31693.html,0
https://airportdatabase.net/papua-new-guinea/kandrian-airport-kdr_35183.html,1
https://airportdatabase.net/papua-new-guinea/kavieng-airport-kvg_61.html,3
https://airportdatabase.net/papua-new-guinea/kerema-airport-kma_60.html,3
https://airportdatabase.net/papua-new-guinea/kikori-airport-kri_35184.html,1
https://airportdatabase.net/papua-new-guinea/kimbe-airport-hkn_59.html,3
https://airportdatabase.net/papua-new-guinea/kiunga-airport-ung_35185.html,2
https://airportdatabase.net/papua-new-guinea/kokoda-airport-kkd_35186.html,1
https://airportdatabase.net/papua-new-guinea/lae-nadzab-airport-lae_66.html,3
https://airportdatabase.net/papua-new-guinea/lake-murray-airport-lmy_35187.html,1
https://airportdatabase.net/papua-new-guinea/losuia-airport-lsa_35188.html,1
https://airportdatabase.net/papua-new-guinea/madang-airport-mag_62.html,3
https://airportdatabase.net/papua-new-guinea/mendi-airport-mdu_64.html,3
https://airportdatabase.net/papua-new-guinea/misima-island-airport-mis_31911.html,0
https://airportdatabase.net/papua-new-guinea/momote-airport-mas_65.html,2
https://airportdatabase.net/papua-new-guinea/moro-airport-mxh_31981.html,2
https://airportdatabase.net/papua-new-guinea/mount-hagen-kagamuga-airport-hgu_63.html,3
https://airportdatabase.net/papua-new-guinea/nissan-island-airport-iis_31669.html,0
https://airportdatabase.net/papua-new-guinea/obo-airport-obx_35190.html,1
https://airportdatabase.net/papua-new-guinea/port-moresby-jacksons-international-airport-pom_67.html,3
https://airportdatabase.net/papua-new-guinea/suki-airport-skc_35191.html,1
https://airportdatabase.net/papua-new-guinea/tabubil-airport-tbg_32425.html,2
https://airportdatabase.net/papua-new-guinea/tari-airport-tiz_32451.html,2
https://airportdatabase.net/papua-new-guinea/telefomin-airport-tfm_42765.html,2
https://airportdatabase.net/papua-new-guinea/tokua-airport-rab_68.html,3
https://airportdatabase.net/papua-new-guinea/tufi-airport-tfi_35192.html,1
https://airportdatabase.net/papua-new-guinea/vanimo-airport-vai_69.html,3
https://airportdatabase.net/papua-new-guinea/wapenamanda-airport-wbm_70.html,3
https://airportdatabase.net/papua-new-guinea/wewak-international-airport-wwk_71.html,3
https://airportdatabase.net/papua-new-guinea/wipim-airport-wpm_35193.html,1
https://airportdatabase.net/philippines/alabat-island-airport_32223.html,1
https://airportdatabase.net/philippines/allah-valley-airport-aav_5694.html,3
https://airportdatabase.net/philippines/awang-airport-cbo_5696.html,3
https://airportdatabase.net/philippines/bacolod-city-domestic-airport-bcd_5733.html,3
https://airportdatabase.net/philippines/bacolod-silay-city-international-airport-bcd_35178.html,3
https://airportdatabase.net/philippines/bagabag-airport_5731.html,3
https://airportdatabase.net/philippines/bancasi-airport-bxu_5698.html,3
https://airportdatabase.net/philippines/basa-air-base_5717.html,3
https://airportdatabase.net/philippines/basco-airport-bso_5723.html,3
https://airportdatabase.net/philippines/bislig-airport-bph_5699.html,3
https://airportdatabase.net/philippines/borongan-airport-bpr_5750.html,3
https://airportdatabase.net/philippines/bulan-airport_32229.html,3
https://airportdatabase.net/philippines/cagayan-de-oro-airport-cgy_5704.html,3
https://airportdatabase.net/philippines/cagayan-de-sulu-airport-cdy_30818.html,2
https://airportdatabase.net/philippines/calapan-airport_32228.html,3
https://airportdatabase.net/philippines/calbayog-airport-cyp_5734.html,3
https://airportdatabase.net/philippines/camiguin-airport-cgm_5701.html,3
https://airportdatabase.net/philippines/castillejos-airport_32227.html,0
https://airportdatabase.net/philippines/catarman-national-airport-crm_5737.html,3
https://airportdatabase.net/philippines/cauayan-airport-cyz_5730.html,3
https://airportdatabase.net/philippines/corregidor-airport_32222.html,1
https://airportdatabase.net/philippines/cuyo-airport-cyu_30869.html,1
https://airportdatabase.net/philippines/daet-airport-dte_5716.html,3
https://airportdatabase.net/philippines/daniel-z-romualdez-airport-tac_5732.html,3
https://airportdatabase.net/philippines/diosdado-macapagal-international-airport-crk_5687.html,3
https://airportdatabase.net/philippines/dipolog-airport-dpl_5700.html,3
https://airportdatabase.net/philippines/drjuan-c-angara-airport-bqa_5725.html,3
https://airportdatabase.net/philippines/el-nido-airport-eni_31007.html,3
https://airportdatabase.net/philippines/evelio-javier-airport-euq_5746.html,2
https://airportdatabase.net/philippines/fernando-air-base_5720.html,3
https://airportdatabase.net/philippines/francisco-bangoy-international-airport-dvo_5697.html,3
https://airportdatabase.net/philippines/francisco-b-reyes-airport-usu_5749.html,3
https://airportdatabase.net/philippines/general-santos-international-airport-ges_5695.html,3
https://airportdatabase.net/philippines/godofredo-p-ramos-airport-mph_5736.html,3
https://airportdatabase.net/philippines/guiuan-airport-gui_5738.html,3
https://airportdatabase.net/philippines/hilongos-airport_32231.html,1
https://airportdatabase.net/philippines/iba-airport_32226.html,3
https://airportdatabase.net/philippines/iligan-airport-ign_5702.html,3
https://airportdatabase.net/philippines/iloilo-international-airport-ilo_5739.html,3
https://airportdatabase.net/philippines/ipil-airport-ipe_31683.html,3
https://airportdatabase.net/philippines/itbayat-airport_32221.html,3
https://airportdatabase.net/philippines/jolo-airport-jol_5703.html,3
https://airportdatabase.net/philippines/jomalig-island-airport_32220.html,1
https://airportdatabase.net/philippines/kalibo-international-airport-klo_5741.html,3
https://airportdatabase.net/philippines/labo-airport-ozc_5706.html,3
https://airportdatabase.net/philippines/laoag-international-airport-lao_5688.html,3
https://airportdatabase.net/philippines/legazpi-city-international-airport-lgp_5690.html,3
https://airportdatabase.net/philippines/lingayen-airport_5718.html,3
https://airportdatabase.net/philippines/loakan-airport-bag_5715.html,3
https://airportdatabase.net/philippines/lubang-airport-lbx_5692.html,3
https://airportdatabase.net/philippines/lucena-airport_32225.html,3
https://airportdatabase.net/philippines/maasin-airport_5714.html,3
https://airportdatabase.net/philippines/mactan-cebu-international-airport-ceb_5742.html,3
https://airportdatabase.net/philippines/malabang-airport-mlp_31919.html,3
https://airportdatabase.net/philippines/malaybalay-airport_32224.html,3
https://airportdatabase.net/philippines/malita-airport_5440.html,3
https://airportdatabase.net/philippines/mamburao-airport-mbo_5721.html,3
https://airportdatabase.net/philippines/marinduque-airport-mrq_5729.html,3
https://airportdatabase.net/philippines/mati-national-airport-mxi_5708.html,3
https://airportdatabase.net/philippines/moises-r-espinosa-airport-mbt_5740.html,3
https://airportdatabase.net/philippines/naga-airport-wnp_5722.html,3
https://airportdatabase.net/philippines/ninoy-aquino-international-airport-mnl_5689.html,3
https://airportdatabase.net/philippines/nonoc-airport_5436.html,3
https://airportdatabase.net/philippines/ormoc-airport-omc_5743.html,3
https://airportdatabase.net/philippines/pagadian-airport-pag_5707.html,3
https://airportdatabase.net/philippines/pagbilao-grande-island-airport_5435.html,3
https://airportdatabase.net/philippines/palanan-municipal-airport_46514.html,2
https://airportdatabase.net/philippines/pasar-airport_5438.html,3
https://airportdatabase.net/philippines/pinamalayan-airport_5685.html,3
https://airportdatabase.net/philippines/plaridel-airport_32230.html,3
https://airportdatabase.net/philippines/puerto-princesa-airport-pps_5744.html,3
https://airportdatabase.net/philippines/romblon-airport-tbh_5748.html,3
https://airportdatabase.net/philippines/roxas-airport-rxs_5745.html,3
https://airportdatabase.net/philippines/san-fernando-airport-sfe_5726.html,3
https://airportdatabase.net/philippines/sanga-sanga-airport-sgs_5705.html,3
https://airportdatabase.net/philippines/sangley-point-air-base-nsp_5691.html,3
https://airportdatabase.net/philippines/san-jose-airport-sji_5719.html,3
https://airportdatabase.net/philippines/siargao-airport-iao_5713.html,3
https://airportdatabase.net/philippines/sibulan-airport-dgt_5735.html,3
https://airportdatabase.net/philippines/subic-bay-international-airport-sfs_5686.html,3
https://airportdatabase.net/philippines/surigao-airport-sug_5710.html,3
https://airportdatabase.net/philippines/tagbilaran-airport-tag_5747.html,3
https://airportdatabase.net/philippines/tambler-airport_5709.html,3
https://airportdatabase.net/philippines/tandag-airport-tdg_5711.html,3
https://airportdatabase.net/philippines/tuguegarao-airport-tug_5727.html,3
https://airportdatabase.net/philippines/vigan-airport_5724.html,3
https://airportdatabase.net/philippines/virac-airport-vrc_5728.html,3
https://airportdatabase.net/philippines/zamboanga-international-airport-zam_5712.html,3
https://airportdatabase.net/samoa/asau-airport-aau_30608.html,3
https://airportdatabase.net/samoa/fagalii-airport-fgi_31127.html,3
https://airportdatabase.net/samoa/faleolo-international-airport-apw_4976.html,3
https://airportdatabase.net/samoa/maota-airport-mxs_35173.html,3
https://airportdatabase.net/solomon-islands/auki-airport-aks_30634.html,1
https://airportdatabase.net/solomon-islands/babanakira-airport-mbu_31885.html,0
https://airportdatabase.net/solomon-islands/ballalae-airport-bas_30678.html,1
https://airportdatabase.net/solomon-islands/fera-maringe-airport-fre_35167.html,0
https://airportdatabase.net/solomon-islands/honiara-international-airport-hir_3.html,3
https://airportdatabase.net/solomon-islands/marau-airport-rus_32238.html,0
https://airportdatabase.net/solomon-islands/mono-airport-mny_31932.html,0
https://airportdatabase.net/solomon-islands/munda-airport-mua_4.html,3
https://airportdatabase.net/solomon-islands/ngorangora-airport-ira_31686.html,1
https://airportdatabase.net/solomon-islands/nusatupe-airport-gzo_31563.html,3
https://airportdatabase.net/solomon-islands/parasi-airport-prs_32174.html,0
https://airportdatabase.net/solomon-islands/ramata-airport-rbv_35170.html,1
https://airportdatabase.net/solomon-islands/rennell-tingoa-airport-rnl_35171.html,1
https://airportdatabase.net/solomon-islands/santa-cruz-graciosa-bay-luova-airport-scz_32275.html,1
https://airportdatabase.net/solomon-islands/sege-airport-egm_30989.html,1
https://airportdatabase.net/solomon-islands/suavanao-airport-vao_32564.html,0
https://airportdatabase.net/solomon-islands/uru-harbour-airport-atd_35172.html,1
https://airportdatabase.net/taiwan/chiayi-airport-cyi_5517.html,3
https://airportdatabase.net/taiwan/chihhang-air-base_5525.html,3
https://airportdatabase.net/taiwan/chi-mei-airport-cmj_30834.html,3
https://airportdatabase.net/taiwan/gangshan-air-force-base_5509.html,3
https://airportdatabase.net/taiwan/hengchun-airport-hcn_5518.html,3
https://airportdatabase.net/taiwan/hsinchu-air-base_5523.html,3
https://airportdatabase.net/taiwan/hualien-air-base_44574.html,3
https://airportdatabase.net/taiwan/hualien-airport-hun_5530.html,3
https://airportdatabase.net/taiwan/kaohsiung-international-airport-khh_5516.html,3
https://airportdatabase.net/taiwan/kinmen-airport-knh_5510.html,3
https://airportdatabase.net/taiwan/lanyu-airport-kyd_5519.html,3
https://airportdatabase.net/taiwan/longtan-air-base_5512.html,3
https://airportdatabase.net/taiwan/lyudao-airport-gni_5515.html,3
https://airportdatabase.net/taiwan/makung-airport-mzg_5524.html,3
https://airportdatabase.net/taiwan/matsu-beigan-airport-mfk_5521.html,3
https://airportdatabase.net/taiwan/matsu-nangan-airport-lzn_5513.html,3
https://airportdatabase.net/taiwan/penghu-airport_42426.html,3
https://airportdatabase.net/taiwan/pingtung-north-airport-pif_5526.html,3
https://airportdatabase.net/taiwan/pingtung-south-airport_5511.html,3
https://airportdatabase.net/taiwan/pratas-island_42427.html,3
https://airportdatabase.net/taiwan/taichung-airport-txg_32487.html,3
https://airportdatabase.net/taiwan/taichung-ching-chuang-kang-airport-rmq_5520.html,3
https://airportdatabase.net/taiwan/tainan-airport-tnn_5522.html,3
https://airportdatabase.net/taiwan/taipei-songshan-airport-tsa_5527.html,3
https://airportdatabase.net/taiwan/taitung-airport-ttt_5514.html,3
https://airportdatabase.net/taiwan/taiwan-taoyuan-international-airport-tpe_5528.html,3
https://airportdatabase.net/taiwan/taoyuan-air-base_32199.html,3
https://airportdatabase.net/taiwan/wang-an-airport-wot_5529.html,3
https://airportdatabase.net/taiwan/zuoying-naval-airfield_42429.html,3
https://airportdatabase.net/tonga/fuaamotu-international-airport-tbu_4962.html,3
https://airportdatabase.net/tonga/kaufana-airport-eua_31024.html,2
https://airportdatabase.net/tonga/kuini-lavenia-airport-ntt_32052.html,2
https://airportdatabase.net/tonga/lifuka-island-airport-hpa_4963.html,3
https://airportdatabase.net/tonga/mataaho-airport-nfo_32024.html,2
https://airportdatabase.net/tonga/vavau-international-airport-vav_4964.html,3
https://airportdatabase.net/tuvalu/funafuti-international-airport-fun_44571.html,3
https://airportdatabase.net/american-samoa/fitiuta-airport-faq_4977.html,3
https://airportdatabase.net/american-samoa/ofu-village-airport-ofu_32097.html,3
https://airportdatabase.net/american-samoa/pago-pago-international-airport-ppg_4978.html,3
https://airportdatabase.net/american-samoa/tau-airport-tav_32422.html,2
https://airportdatabase.net/guam/andersen-air-force-base-uam_5432.html,3
https://airportdatabase.net/guam/antonio-b-won-pat-international-airport-gum_5433.html,3
https://airportdatabase.net/japan/futenma-marine-corps-air-station_5683.html,3
https://airportdatabase.net/japan/kadena-air-base-dna_5673.html,3
https://airportdatabase.net/northern-mariana-islands/francisco-c-ada-saipan-international-airport-spn_5431.html,3
https://airportdatabase.net/northern-mariana-islands/pagan-airstrip_4783.html,1
https://airportdatabase.net/northern-mariana-islands/rota-international-airport-rop_5430.html,3
https://airportdatabase.net/northern-mariana-islands/tinian-international-airport-tiq_5434.html,3
https://airportdatabase.net/united-states/barking-sands-airport-bkh_5441.html,3
https://airportdatabase.net/united-states/bradshaw-army-airfield_5456.html,3
https://airportdatabase.net/united-states/dillingham-airfield-hdh_5442.html,3
https://airportdatabase.net/united-states/french-frigate-shoals-airport_17621.html,2
https://airportdatabase.net/united-states/haiku-airstrip_17641.html,3
https://airportdatabase.net/united-states/hana-airport-hnm_5444.html,3
https://airportdatabase.net/united-states/hilo-international-airport-ito_5457.html,3
https://airportdatabase.net/united-states/kaalaiki-airstrip_17635.html,1
https://airportdatabase.net/united-states/kahului-airport-ogg_5455.html,3
https://airportdatabase.net/united-states/kalaeloa-john-rodgers-field-airport-jrf_5447.html,3
https://airportdatabase.net/united-states/kalaupapa-airport-lup_21732.html,3
https://airportdatabase.net/united-states/kaneohe-bay-mcas-marion-e-carl-field-airport_5452.html,3
https://airportdatabase.net/united-states/kapalua-airport-jhm_5446.html,3
https://airportdatabase.net/united-states/kona-international-at-keahole-airport-koa_5448.html,3
https://airportdatabase.net/united-states/kure-airport_6494.html,2
https://airportdatabase.net/united-states/lanai-airport-lny_5454.html,3
https://airportdatabase.net/united-states/lihue-airport-lih_5449.html,3
https://airportdatabase.net/united-states/molokai-airport-mkk_5450.html,3
https://airportdatabase.net/united-states/pahala-airstrip_17637.html,1
https://airportdatabase.net/united-states/panda-airport_17645.html,1
https://airportdatabase.net/united-states/port-allen-airport_24070.html,3
https://airportdatabase.net/united-states/princeville-airport_17623.html,3
https://airportdatabase.net/united-states/upolu-airport-upp_5458.html,3
https://airportdatabase.net/united-states/waimea-kohala-airport-mue_5451.html,3
https://airportdatabase.net/united-states/wheeler-army-airfield-hhi_5443.html,3
https://airportdatabase.net/united-states-minor-outlying-islands/johnston-atoll-airport-jon_35152.html,3
https://airportdatabase.net/united-states-minor-outlying-islands/midway-eastern-island-airfield_41499.html,3
https://airportdatabase.net/united-states-minor-outlying-islands/palmyra-cooper-airport_6493.html,3
https://airportdatabase.net/united-states-minor-outlying-islands/wake-island-airfield-awk_5506.html,3
https://airportdatabase.net/vanuatu/anelghowhat-airport-auy_30663.html,1
https://airportdatabase.net/vanuatu/aniwa-airport-awd_30665.html,1
https://airportdatabase.net/vanuatu/craig-cove-airport-ccv_30817.html,1
https://airportdatabase.net/vanuatu/dillons-bay-airport-dly_30926.html,1
https://airportdatabase.net/vanuatu/futuna-airport-fta_31209.html,1
https://airportdatabase.net/vanuatu/gaua-island-airport-zgu_35158.html,1
https://airportdatabase.net/vanuatu/ipota-airport-ipa_31682.html,1
https://airportdatabase.net/vanuatu/lamap-airport-lpm_31847.html,1
https://airportdatabase.net/vanuatu/lamen-bay-airport-lnb_31835.html,1
https://airportdatabase.net/vanuatu/longana-airport-lod_31841.html,2
https://airportdatabase.net/vanuatu/lonorore-airport-lne_31836.html,3
https://airportdatabase.net/vanuatu/mota-lava-airport-mtv_31964.html,1
https://airportdatabase.net/vanuatu/naone-airport-mwf_35159.html,1
https://airportdatabase.net/vanuatu/norsup-airport-nus_32056.html,1
https://airportdatabase.net/vanuatu/north-west-santo-airport-olj_35160.html,1
https://airportdatabase.net/vanuatu/port-vila-bauerfield-airport-vli_5011.html,3
https://airportdatabase.net/vanuatu/quion-hill-airport-uiq_32526.html,2
https://airportdatabase.net/vanuatu/redcliffe-airport-rcl_32200.html,1
https://airportdatabase.net/vanuatu/sangafa-airport-eae_30961.html,1
https://airportdatabase.net/vanuatu/santo-pekoa-international-airport-son_5010.html,3
https://airportdatabase.net/vanuatu/sara-airport-ssr_35161.html,1
https://airportdatabase.net/vanuatu/sola-airport-slh_32323.html,1
https://airportdatabase.net/vanuatu/southwest-bay-airport-swj_35162.html,1
https://airportdatabase.net/vanuatu/tanna-airport-tah_5012.html,3
https://airportdatabase.net/vanuatu/tavie-airport-pbj_35163.html,1
https://airportdatabase.net/vanuatu/tongoa-island-airport-tgh_32437.html,1
https://airportdatabase.net/vanuatu/torres-airstrip-toh_32469.html,1
https://airportdatabase.net/vanuatu/ulei-airport-ulb_35164.html,1
https://airportdatabase.net/vanuatu/valesdir-airport-vls_32583.html,1
https://airportdatabase.net/vanuatu/walaha-airport-wlh_32658.html,1
